<?xml version="1.0" encoding="UTF-8"?><?xml-stylesheet type='text/xsl' href='_UpgradeReport_Files/UpgradeReport.xslt'?><UpgradeLog>
<Properties><Property Name="Solution" Value="Windows via C++">
</Property><Property Name="解决方案文件" Value="H:\VS_WorkSpace\Windows核心编程源码\Windows via C++.sln">
</Property><Property Name="Date" Value="2018年9月26日">
</Property><Property Name="Time" Value="14:01">
</Property></Properties><Event ErrorLevel="0" Project="01-ErrorShow" Source="01-ErrorShow\01-ErrorShow.vcproj" Description="Converting project file 'H:\VS_WorkSpace\Windows核心编程源码\01-ErrorShow\01-ErrorShow.vcproj'.">
</Event><Event ErrorLevel="1" Project="01-ErrorShow" Source="01-ErrorShow\01-ErrorShow.vcproj" Description="This application has been updated to include settings related to the User Account Control (UAC) feature of Windows Vista. By default, when run on Windows Vista with UAC enabled, this application is marked to run with the same privileges as the process that launched it. This marking also disables the application from running with virtualization. You can change UAC related settings from the Property Pages of the project.">
</Event><Event ErrorLevel="1" Project="01-ErrorShow" Source="01-ErrorShow\01-ErrorShow.vcproj" Description="VCWebServiceProxyGeneratorTool is no longer supported. The tool has been removed from your project settings.">
</Event><Event ErrorLevel="1" Project="01-ErrorShow" Source="01-ErrorShow\01-ErrorShow.vcproj" Description="Attribute 'Detect64BitPortabilityProblems' of 'VCCLCompilerTool' is not supported in this version and has been removed during conversion.">
</Event><Event ErrorLevel="0" Project="01-ErrorShow" Source="01-ErrorShow\01-ErrorShow.vcproj" Description="Web deployment to the local IIS server is no longer supported. The Web Deployment build tool has been removed from your project settings.">
</Event><Event ErrorLevel="1" Project="01-ErrorShow" Source="01-ErrorShow\01-ErrorShow.vcproj" Description="Attribute 'Detect64BitPortabilityProblems' of 'VCCLCompilerTool' is not supported in this version and has been removed during conversion.">
</Event><Event ErrorLevel="1" Project="01-ErrorShow" Source="01-ErrorShow\01-ErrorShow.vcproj" Description="Attribute 'Detect64BitPortabilityProblems' of 'VCCLCompilerTool' is not supported in this version and has been removed during conversion.">
</Event><Event ErrorLevel="1" Project="01-ErrorShow" Source="01-ErrorShow\01-ErrorShow.vcproj" Description="Attribute 'Detect64BitPortabilityProblems' of 'VCCLCompilerTool' is not supported in this version and has been removed during conversion.">
</Event><Event ErrorLevel="0" Project="01-ErrorShow" Source="01-ErrorShow\01-ErrorShow.vcproj" Description="Done converting to new project file 'H:\VS_WorkSpace\Windows核心编程源码\01-ErrorShow\01-ErrorShow.vcxproj'.">
</Event><Event ErrorLevel="3" Project="01-ErrorShow" Source="01-ErrorShow\01-ErrorShow.vcproj" Description="Converted">
</Event><Event ErrorLevel="0" Project="03-Singleton" Source="03-Singleton\03-Singleton.vcproj" Description="Converting project file 'H:\VS_WorkSpace\Windows核心编程源码\03-Singleton\03-Singleton.vcproj'.">
</Event><Event ErrorLevel="1" Project="03-Singleton" Source="03-Singleton\03-Singleton.vcproj" Description="This application has been updated to include settings related to the User Account Control (UAC) feature of Windows Vista. By default, when run on Windows Vista with UAC enabled, this application is marked to run with the same privileges as the process that launched it. This marking also disables the application from running with virtualization. You can change UAC related settings from the Property Pages of the project.">
</Event><Event ErrorLevel="1" Project="03-Singleton" Source="03-Singleton\03-Singleton.vcproj" Description="VCWebServiceProxyGeneratorTool is no longer supported. The tool has been removed from your project settings.">
</Event><Event ErrorLevel="1" Project="03-Singleton" Source="03-Singleton\03-Singleton.vcproj" Description="Attribute 'Detect64BitPortabilityProblems' of 'VCCLCompilerTool' is not supported in this version and has been removed during conversion.">
</Event><Event ErrorLevel="0" Project="03-Singleton" Source="03-Singleton\03-Singleton.vcproj" Description="Web deployment to the local IIS server is no longer supported. The Web Deployment build tool has been removed from your project settings.">
</Event><Event ErrorLevel="1" Project="03-Singleton" Source="03-Singleton\03-Singleton.vcproj" Description="Attribute 'Detect64BitPortabilityProblems' of 'VCCLCompilerTool' is not supported in this version and has been removed during conversion.">
</Event><Event ErrorLevel="1" Project="03-Singleton" Source="03-Singleton\03-Singleton.vcproj" Description="Attribute 'Detect64BitPortabilityProblems' of 'VCCLCompilerTool' is not supported in this version and has been removed during conversion.">
</Event><Event ErrorLevel="1" Project="03-Singleton" Source="03-Singleton\03-Singleton.vcproj" Description="Attribute 'Detect64BitPortabilityProblems' of 'VCCLCompilerTool' is not supported in this version and has been removed during conversion.">
</Event><Event ErrorLevel="0" Project="03-Singleton" Source="03-Singleton\03-Singleton.vcproj" Description="Done converting to new project file 'H:\VS_WorkSpace\Windows核心编程源码\03-Singleton\03-Singleton.vcxproj'.">
</Event><Event ErrorLevel="3" Project="03-Singleton" Source="03-Singleton\03-Singleton.vcproj" Description="Converted">
</Event><Event ErrorLevel="0" Project="04-ProcessInfo" Source="04-ProcessInfo\04-ProcessInfo.vcproj" Description="Converting project file 'H:\VS_WorkSpace\Windows核心编程源码\04-ProcessInfo\04-ProcessInfo.vcproj'.">
</Event><Event ErrorLevel="1" Project="04-ProcessInfo" Source="04-ProcessInfo\04-ProcessInfo.vcproj" Description="This application has been updated to include settings related to the User Account Control (UAC) feature of Windows Vista. By default, when run on Windows Vista with UAC enabled, this application is marked to run with the same privileges as the process that launched it. This marking also disables the application from running with virtualization. You can change UAC related settings from the Property Pages of the project.">
</Event><Event ErrorLevel="1" Project="04-ProcessInfo" Source="04-ProcessInfo\04-ProcessInfo.vcproj" Description="VCWebServiceProxyGeneratorTool is no longer supported. The tool has been removed from your project settings.">
</Event><Event ErrorLevel="1" Project="04-ProcessInfo" Source="04-ProcessInfo\04-ProcessInfo.vcproj" Description="Attribute 'Detect64BitPortabilityProblems' of 'VCCLCompilerTool' is not supported in this version and has been removed during conversion.">
</Event><Event ErrorLevel="0" Project="04-ProcessInfo" Source="04-ProcessInfo\04-ProcessInfo.vcproj" Description="Web deployment to the local IIS server is no longer supported. The Web Deployment build tool has been removed from your project settings.">
</Event><Event ErrorLevel="1" Project="04-ProcessInfo" Source="04-ProcessInfo\04-ProcessInfo.vcproj" Description="Attribute 'Detect64BitPortabilityProblems' of 'VCCLCompilerTool' is not supported in this version and has been removed during conversion.">
</Event><Event ErrorLevel="1" Project="04-ProcessInfo" Source="04-ProcessInfo\04-ProcessInfo.vcproj" Description="Attribute 'Detect64BitPortabilityProblems' of 'VCCLCompilerTool' is not supported in this version and has been removed during conversion.">
</Event><Event ErrorLevel="1" Project="04-ProcessInfo" Source="04-ProcessInfo\04-ProcessInfo.vcproj" Description="Attribute 'Detect64BitPortabilityProblems' of 'VCCLCompilerTool' is not supported in this version and has been removed during conversion.">
</Event><Event ErrorLevel="0" Project="04-ProcessInfo" Source="04-ProcessInfo\04-ProcessInfo.vcproj" Description="Done converting to new project file 'H:\VS_WorkSpace\Windows核心编程源码\04-ProcessInfo\04-ProcessInfo.vcxproj'.">
</Event><Event ErrorLevel="3" Project="04-ProcessInfo" Source="04-ProcessInfo\04-ProcessInfo.vcproj" Description="Converted">
</Event><Event ErrorLevel="0" Project="05-JobLab" Source="05-JobLab\05-JobLab.vcproj" Description="Converting project file 'H:\VS_WorkSpace\Windows核心编程源码\05-JobLab\05-JobLab.vcproj'.">
</Event><Event ErrorLevel="1" Project="05-JobLab" Source="05-JobLab\05-JobLab.vcproj" Description="This application has been updated to include settings related to the User Account Control (UAC) feature of Windows Vista. By default, when run on Windows Vista with UAC enabled, this application is marked to run with the same privileges as the process that launched it. This marking also disables the application from running with virtualization. You can change UAC related settings from the Property Pages of the project.">
</Event><Event ErrorLevel="1" Project="05-JobLab" Source="05-JobLab\05-JobLab.vcproj" Description="VCWebServiceProxyGeneratorTool is no longer supported. The tool has been removed from your project settings.">
</Event><Event ErrorLevel="1" Project="05-JobLab" Source="05-JobLab\05-JobLab.vcproj" Description="Attribute 'Detect64BitPortabilityProblems' of 'VCCLCompilerTool' is not supported in this version and has been removed during conversion.">
</Event><Event ErrorLevel="0" Project="05-JobLab" Source="05-JobLab\05-JobLab.vcproj" Description="Web deployment to the local IIS server is no longer supported. The Web Deployment build tool has been removed from your project settings.">
</Event><Event ErrorLevel="1" Project="05-JobLab" Source="05-JobLab\05-JobLab.vcproj" Description="Attribute 'Detect64BitPortabilityProblems' of 'VCCLCompilerTool' is not supported in this version and has been removed during conversion.">
</Event><Event ErrorLevel="1" Project="05-JobLab" Source="05-JobLab\05-JobLab.vcproj" Description="Attribute 'Detect64BitPortabilityProblems' of 'VCCLCompilerTool' is not supported in this version and has been removed during conversion.">
</Event><Event ErrorLevel="1" Project="05-JobLab" Source="05-JobLab\05-JobLab.vcproj" Description="Attribute 'Detect64BitPortabilityProblems' of 'VCCLCompilerTool' is not supported in this version and has been removed during conversion.">
</Event><Event ErrorLevel="0" Project="05-JobLab" Source="05-JobLab\05-JobLab.vcproj" Description="Done converting to new project file 'H:\VS_WorkSpace\Windows核心编程源码\05-JobLab\05-JobLab.vcxproj'.">
</Event><Event ErrorLevel="3" Project="05-JobLab" Source="05-JobLab\05-JobLab.vcproj" Description="Converted">
</Event><Event ErrorLevel="0" Project="07-SchedLab" Source="07-SchedLab\07-SchedLab.vcproj" Description="Converting project file 'H:\VS_WorkSpace\Windows核心编程源码\07-SchedLab\07-SchedLab.vcproj'.">
</Event><Event ErrorLevel="1" Project="07-SchedLab" Source="07-SchedLab\07-SchedLab.vcproj" Description="This application has been updated to include settings related to the User Account Control (UAC) feature of Windows Vista. By default, when run on Windows Vista with UAC enabled, this application is marked to run with the same privileges as the process that launched it. This marking also disables the application from running with virtualization. You can change UAC related settings from the Property Pages of the project.">
</Event><Event ErrorLevel="1" Project="07-SchedLab" Source="07-SchedLab\07-SchedLab.vcproj" Description="VCWebServiceProxyGeneratorTool is no longer supported. The tool has been removed from your project settings.">
</Event><Event ErrorLevel="1" Project="07-SchedLab" Source="07-SchedLab\07-SchedLab.vcproj" Description="Attribute 'Detect64BitPortabilityProblems' of 'VCCLCompilerTool' is not supported in this version and has been removed during conversion.">
</Event><Event ErrorLevel="0" Project="07-SchedLab" Source="07-SchedLab\07-SchedLab.vcproj" Description="Web deployment to the local IIS server is no longer supported. The Web Deployment build tool has been removed from your project settings.">
</Event><Event ErrorLevel="1" Project="07-SchedLab" Source="07-SchedLab\07-SchedLab.vcproj" Description="Attribute 'Detect64BitPortabilityProblems' of 'VCCLCompilerTool' is not supported in this version and has been removed during conversion.">
</Event><Event ErrorLevel="1" Project="07-SchedLab" Source="07-SchedLab\07-SchedLab.vcproj" Description="Attribute 'Detect64BitPortabilityProblems' of 'VCCLCompilerTool' is not supported in this version and has been removed during conversion.">
</Event><Event ErrorLevel="1" Project="07-SchedLab" Source="07-SchedLab\07-SchedLab.vcproj" Description="Attribute 'Detect64BitPortabilityProblems' of 'VCCLCompilerTool' is not supported in this version and has been removed during conversion.">
</Event><Event ErrorLevel="0" Project="07-SchedLab" Source="07-SchedLab\07-SchedLab.vcproj" Description="Done converting to new project file 'H:\VS_WorkSpace\Windows核心编程源码\07-SchedLab\07-SchedLab.vcxproj'.">
</Event><Event ErrorLevel="3" Project="07-SchedLab" Source="07-SchedLab\07-SchedLab.vcproj" Description="Converted">
</Event><Event ErrorLevel="0" Project="08-Queue" Source="08-Queue\08-Queue.vcproj" Description="Converting project file 'H:\VS_WorkSpace\Windows核心编程源码\08-Queue\08-Queue.vcproj'.">
</Event><Event ErrorLevel="1" Project="08-Queue" Source="08-Queue\08-Queue.vcproj" Description="This application has been updated to include settings related to the User Account Control (UAC) feature of Windows Vista. By default, when run on Windows Vista with UAC enabled, this application is marked to run with the same privileges as the process that launched it. This marking also disables the application from running with virtualization. You can change UAC related settings from the Property Pages of the project.">
</Event><Event ErrorLevel="1" Project="08-Queue" Source="08-Queue\08-Queue.vcproj" Description="VCWebServiceProxyGeneratorTool is no longer supported. The tool has been removed from your project settings.">
</Event><Event ErrorLevel="1" Project="08-Queue" Source="08-Queue\08-Queue.vcproj" Description="Attribute 'Detect64BitPortabilityProblems' of 'VCCLCompilerTool' is not supported in this version and has been removed during conversion.">
</Event><Event ErrorLevel="0" Project="08-Queue" Source="08-Queue\08-Queue.vcproj" Description="Web deployment to the local IIS server is no longer supported. The Web Deployment build tool has been removed from your project settings.">
</Event><Event ErrorLevel="1" Project="08-Queue" Source="08-Queue\08-Queue.vcproj" Description="Attribute 'Detect64BitPortabilityProblems' of 'VCCLCompilerTool' is not supported in this version and has been removed during conversion.">
</Event><Event ErrorLevel="1" Project="08-Queue" Source="08-Queue\08-Queue.vcproj" Description="Attribute 'Detect64BitPortabilityProblems' of 'VCCLCompilerTool' is not supported in this version and has been removed during conversion.">
</Event><Event ErrorLevel="1" Project="08-Queue" Source="08-Queue\08-Queue.vcproj" Description="Attribute 'Detect64BitPortabilityProblems' of 'VCCLCompilerTool' is not supported in this version and has been removed during conversion.">
</Event><Event ErrorLevel="0" Project="08-Queue" Source="08-Queue\08-Queue.vcproj" Description="Done converting to new project file 'H:\VS_WorkSpace\Windows核心编程源码\08-Queue\08-Queue.vcxproj'.">
</Event><Event ErrorLevel="3" Project="08-Queue" Source="08-Queue\08-Queue.vcproj" Description="Converted">
</Event><Event ErrorLevel="0" Project="08-UserSyncCompare" Source="08-UserSyncCompare\08-UserSyncCompare.vcproj" Description="Converting project file 'H:\VS_WorkSpace\Windows核心编程源码\08-UserSyncCompare\08-UserSyncCompare.vcproj'.">
</Event><Event ErrorLevel="1" Project="08-UserSyncCompare" Source="08-UserSyncCompare\08-UserSyncCompare.vcproj" Description="This application has been updated to include settings related to the User Account Control (UAC) feature of Windows Vista. By default, when run on Windows Vista with UAC enabled, this application is marked to run with the same privileges as the process that launched it. This marking also disables the application from running with virtualization. You can change UAC related settings from the Property Pages of the project.">
</Event><Event ErrorLevel="1" Project="08-UserSyncCompare" Source="08-UserSyncCompare\08-UserSyncCompare.vcproj" Description="VCWebServiceProxyGeneratorTool is no longer supported. The tool has been removed from your project settings.">
</Event><Event ErrorLevel="1" Project="08-UserSyncCompare" Source="08-UserSyncCompare\08-UserSyncCompare.vcproj" Description="Attribute 'Detect64BitPortabilityProblems' of 'VCCLCompilerTool' is not supported in this version and has been removed during conversion.">
</Event><Event ErrorLevel="0" Project="08-UserSyncCompare" Source="08-UserSyncCompare\08-UserSyncCompare.vcproj" Description="Web deployment to the local IIS server is no longer supported. The Web Deployment build tool has been removed from your project settings.">
</Event><Event ErrorLevel="1" Project="08-UserSyncCompare" Source="08-UserSyncCompare\08-UserSyncCompare.vcproj" Description="Attribute 'Detect64BitPortabilityProblems' of 'VCCLCompilerTool' is not supported in this version and has been removed during conversion.">
</Event><Event ErrorLevel="1" Project="08-UserSyncCompare" Source="08-UserSyncCompare\08-UserSyncCompare.vcproj" Description="Attribute 'Detect64BitPortabilityProblems' of 'VCCLCompilerTool' is not supported in this version and has been removed during conversion.">
</Event><Event ErrorLevel="1" Project="08-UserSyncCompare" Source="08-UserSyncCompare\08-UserSyncCompare.vcproj" Description="Attribute 'Detect64BitPortabilityProblems' of 'VCCLCompilerTool' is not supported in this version and has been removed during conversion.">
</Event><Event ErrorLevel="0" Project="08-UserSyncCompare" Source="08-UserSyncCompare\08-UserSyncCompare.vcproj" Description="Done converting to new project file 'H:\VS_WorkSpace\Windows核心编程源码\08-UserSyncCompare\08-UserSyncCompare.vcxproj'.">
</Event><Event ErrorLevel="3" Project="08-UserSyncCompare" Source="08-UserSyncCompare\08-UserSyncCompare.vcproj" Description="Converted">
</Event><Event ErrorLevel="0" Project="09-BadLock" Source="09-BadLock\09-BadLock.vcproj" Description="Converting project file 'H:\VS_WorkSpace\Windows核心编程源码\09-BadLock\09-BadLock.vcproj'.">
</Event><Event ErrorLevel="1" Project="09-BadLock" Source="09-BadLock\09-BadLock.vcproj" Description="This application has been updated to include settings related to the User Account Control (UAC) feature of Windows Vista. By default, when run on Windows Vista with UAC enabled, this application is marked to run with the same privileges as the process that launched it. This marking also disables the application from running with virtualization. You can change UAC related settings from the Property Pages of the project.">
</Event><Event ErrorLevel="1" Project="09-BadLock" Source="09-BadLock\09-BadLock.vcproj" Description="VCWebServiceProxyGeneratorTool is no longer supported. The tool has been removed from your project settings.">
</Event><Event ErrorLevel="1" Project="09-BadLock" Source="09-BadLock\09-BadLock.vcproj" Description="Attribute 'Detect64BitPortabilityProblems' of 'VCCLCompilerTool' is not supported in this version and has been removed during conversion.">
</Event><Event ErrorLevel="0" Project="09-BadLock" Source="09-BadLock\09-BadLock.vcproj" Description="Web deployment to the local IIS server is no longer supported. The Web Deployment build tool has been removed from your project settings.">
</Event><Event ErrorLevel="1" Project="09-BadLock" Source="09-BadLock\09-BadLock.vcproj" Description="Attribute 'Detect64BitPortabilityProblems' of 'VCCLCompilerTool' is not supported in this version and has been removed during conversion.">
</Event><Event ErrorLevel="1" Project="09-BadLock" Source="09-BadLock\09-BadLock.vcproj" Description="Attribute 'Detect64BitPortabilityProblems' of 'VCCLCompilerTool' is not supported in this version and has been removed during conversion.">
</Event><Event ErrorLevel="1" Project="09-BadLock" Source="09-BadLock\09-BadLock.vcproj" Description="Attribute 'Detect64BitPortabilityProblems' of 'VCCLCompilerTool' is not supported in this version and has been removed during conversion.">
</Event><Event ErrorLevel="0" Project="09-BadLock" Source="09-BadLock\09-BadLock.vcproj" Description="Done converting to new project file 'H:\VS_WorkSpace\Windows核心编程源码\09-BadLock\09-BadLock.vcxproj'.">
</Event><Event ErrorLevel="3" Project="09-BadLock" Source="09-BadLock\09-BadLock.vcproj" Description="Converted">
</Event><Event ErrorLevel="0" Project="09-Handshake" Source="09-Handshake\09-Handshake.vcproj" Description="Converting project file 'H:\VS_WorkSpace\Windows核心编程源码\09-Handshake\09-Handshake.vcproj'.">
</Event><Event ErrorLevel="1" Project="09-Handshake" Source="09-Handshake\09-Handshake.vcproj" Description="This application has been updated to include settings related to the User Account Control (UAC) feature of Windows Vista. By default, when run on Windows Vista with UAC enabled, this application is marked to run with the same privileges as the process that launched it. This marking also disables the application from running with virtualization. You can change UAC related settings from the Property Pages of the project.">
</Event><Event ErrorLevel="1" Project="09-Handshake" Source="09-Handshake\09-Handshake.vcproj" Description="VCWebServiceProxyGeneratorTool is no longer supported. The tool has been removed from your project settings.">
</Event><Event ErrorLevel="1" Project="09-Handshake" Source="09-Handshake\09-Handshake.vcproj" Description="Attribute 'Detect64BitPortabilityProblems' of 'VCCLCompilerTool' is not supported in this version and has been removed during conversion.">
</Event><Event ErrorLevel="0" Project="09-Handshake" Source="09-Handshake\09-Handshake.vcproj" Description="Web deployment to the local IIS server is no longer supported. The Web Deployment build tool has been removed from your project settings.">
</Event><Event ErrorLevel="1" Project="09-Handshake" Source="09-Handshake\09-Handshake.vcproj" Description="Attribute 'Detect64BitPortabilityProblems' of 'VCCLCompilerTool' is not supported in this version and has been removed during conversion.">
</Event><Event ErrorLevel="1" Project="09-Handshake" Source="09-Handshake\09-Handshake.vcproj" Description="Attribute 'Detect64BitPortabilityProblems' of 'VCCLCompilerTool' is not supported in this version and has been removed during conversion.">
</Event><Event ErrorLevel="1" Project="09-Handshake" Source="09-Handshake\09-Handshake.vcproj" Description="Attribute 'Detect64BitPortabilityProblems' of 'VCCLCompilerTool' is not supported in this version and has been removed during conversion.">
</Event><Event ErrorLevel="0" Project="09-Handshake" Source="09-Handshake\09-Handshake.vcproj" Description="Done converting to new project file 'H:\VS_WorkSpace\Windows核心编程源码\09-Handshake\09-Handshake.vcxproj'.">
</Event><Event ErrorLevel="3" Project="09-Handshake" Source="09-Handshake\09-Handshake.vcproj" Description="Converted">
</Event><Event ErrorLevel="0" Project="09-LockCop" Source="09-LockCop\09-LockCop.vcproj" Description="Converting project file 'H:\VS_WorkSpace\Windows核心编程源码\09-LockCop\09-LockCop.vcproj'.">
</Event><Event ErrorLevel="1" Project="09-LockCop" Source="09-LockCop\09-LockCop.vcproj" Description="This application has been updated to include settings related to the User Account Control (UAC) feature of Windows Vista. By default, when run on Windows Vista with UAC enabled, this application is marked to run with the same privileges as the process that launched it. This marking also disables the application from running with virtualization. You can change UAC related settings from the Property Pages of the project.">
</Event><Event ErrorLevel="1" Project="09-LockCop" Source="09-LockCop\09-LockCop.vcproj" Description="VCWebServiceProxyGeneratorTool is no longer supported. The tool has been removed from your project settings.">
</Event><Event ErrorLevel="1" Project="09-LockCop" Source="09-LockCop\09-LockCop.vcproj" Description="Attribute 'Detect64BitPortabilityProblems' of 'VCCLCompilerTool' is not supported in this version and has been removed during conversion.">
</Event><Event ErrorLevel="0" Project="09-LockCop" Source="09-LockCop\09-LockCop.vcproj" Description="Web deployment to the local IIS server is no longer supported. The Web Deployment build tool has been removed from your project settings.">
</Event><Event ErrorLevel="1" Project="09-LockCop" Source="09-LockCop\09-LockCop.vcproj" Description="Attribute 'Detect64BitPortabilityProblems' of 'VCCLCompilerTool' is not supported in this version and has been removed during conversion.">
</Event><Event ErrorLevel="1" Project="09-LockCop" Source="09-LockCop\09-LockCop.vcproj" Description="Attribute 'Detect64BitPortabilityProblems' of 'VCCLCompilerTool' is not supported in this version and has been removed during conversion.">
</Event><Event ErrorLevel="1" Project="09-LockCop" Source="09-LockCop\09-LockCop.vcproj" Description="Attribute 'Detect64BitPortabilityProblems' of 'VCCLCompilerTool' is not supported in this version and has been removed during conversion.">
</Event><Event ErrorLevel="0" Project="09-LockCop" Source="09-LockCop\09-LockCop.vcproj" Description="Done converting to new project file 'H:\VS_WorkSpace\Windows核心编程源码\09-LockCop\09-LockCop.vcxproj'.">
</Event><Event ErrorLevel="3" Project="09-LockCop" Source="09-LockCop\09-LockCop.vcproj" Description="Converted">
</Event><Event ErrorLevel="0" Project="09-Queue" Source="09-Queue\09-Queue.vcproj" Description="Converting project file 'H:\VS_WorkSpace\Windows核心编程源码\09-Queue\09-Queue.vcproj'.">
</Event><Event ErrorLevel="1" Project="09-Queue" Source="09-Queue\09-Queue.vcproj" Description="This application has been updated to include settings related to the User Account Control (UAC) feature of Windows Vista. By default, when run on Windows Vista with UAC enabled, this application is marked to run with the same privileges as the process that launched it. This marking also disables the application from running with virtualization. You can change UAC related settings from the Property Pages of the project.">
</Event><Event ErrorLevel="1" Project="09-Queue" Source="09-Queue\09-Queue.vcproj" Description="VCWebServiceProxyGeneratorTool is no longer supported. The tool has been removed from your project settings.">
</Event><Event ErrorLevel="1" Project="09-Queue" Source="09-Queue\09-Queue.vcproj" Description="Attribute 'Detect64BitPortabilityProblems' of 'VCCLCompilerTool' is not supported in this version and has been removed during conversion.">
</Event><Event ErrorLevel="0" Project="09-Queue" Source="09-Queue\09-Queue.vcproj" Description="Web deployment to the local IIS server is no longer supported. The Web Deployment build tool has been removed from your project settings.">
</Event><Event ErrorLevel="1" Project="09-Queue" Source="09-Queue\09-Queue.vcproj" Description="Attribute 'Detect64BitPortabilityProblems' of 'VCCLCompilerTool' is not supported in this version and has been removed during conversion.">
</Event><Event ErrorLevel="1" Project="09-Queue" Source="09-Queue\09-Queue.vcproj" Description="Attribute 'Detect64BitPortabilityProblems' of 'VCCLCompilerTool' is not supported in this version and has been removed during conversion.">
</Event><Event ErrorLevel="1" Project="09-Queue" Source="09-Queue\09-Queue.vcproj" Description="Attribute 'Detect64BitPortabilityProblems' of 'VCCLCompilerTool' is not supported in this version and has been removed during conversion.">
</Event><Event ErrorLevel="0" Project="09-Queue" Source="09-Queue\09-Queue.vcproj" Description="Done converting to new project file 'H:\VS_WorkSpace\Windows核心编程源码\09-Queue\09-Queue.vcxproj'.">
</Event><Event ErrorLevel="3" Project="09-Queue" Source="09-Queue\09-Queue.vcproj" Description="Converted">
</Event><Event ErrorLevel="0" Project="10-FileCopy" Source="10-FileCopy\10-FileCopy.vcproj" Description="Converting project file 'H:\VS_WorkSpace\Windows核心编程源码\10-FileCopy\10-FileCopy.vcproj'.">
</Event><Event ErrorLevel="1" Project="10-FileCopy" Source="10-FileCopy\10-FileCopy.vcproj" Description="This application has been updated to include settings related to the User Account Control (UAC) feature of Windows Vista. By default, when run on Windows Vista with UAC enabled, this application is marked to run with the same privileges as the process that launched it. This marking also disables the application from running with virtualization. You can change UAC related settings from the Property Pages of the project.">
</Event><Event ErrorLevel="1" Project="10-FileCopy" Source="10-FileCopy\10-FileCopy.vcproj" Description="VCWebServiceProxyGeneratorTool is no longer supported. The tool has been removed from your project settings.">
</Event><Event ErrorLevel="1" Project="10-FileCopy" Source="10-FileCopy\10-FileCopy.vcproj" Description="Attribute 'Detect64BitPortabilityProblems' of 'VCCLCompilerTool' is not supported in this version and has been removed during conversion.">
</Event><Event ErrorLevel="0" Project="10-FileCopy" Source="10-FileCopy\10-FileCopy.vcproj" Description="Web deployment to the local IIS server is no longer supported. The Web Deployment build tool has been removed from your project settings.">
</Event><Event ErrorLevel="1" Project="10-FileCopy" Source="10-FileCopy\10-FileCopy.vcproj" Description="Attribute 'Detect64BitPortabilityProblems' of 'VCCLCompilerTool' is not supported in this version and has been removed during conversion.">
</Event><Event ErrorLevel="1" Project="10-FileCopy" Source="10-FileCopy\10-FileCopy.vcproj" Description="Attribute 'Detect64BitPortabilityProblems' of 'VCCLCompilerTool' is not supported in this version and has been removed during conversion.">
</Event><Event ErrorLevel="1" Project="10-FileCopy" Source="10-FileCopy\10-FileCopy.vcproj" Description="Attribute 'Detect64BitPortabilityProblems' of 'VCCLCompilerTool' is not supported in this version and has been removed during conversion.">
</Event><Event ErrorLevel="0" Project="10-FileCopy" Source="10-FileCopy\10-FileCopy.vcproj" Description="Done converting to new project file 'H:\VS_WorkSpace\Windows核心编程源码\10-FileCopy\10-FileCopy.vcxproj'.">
</Event><Event ErrorLevel="3" Project="10-FileCopy" Source="10-FileCopy\10-FileCopy.vcproj" Description="Converted">
</Event><Event ErrorLevel="0" Project="11-Batch" Source="11-Batch\11-Batch.vcproj" Description="Converting project file 'H:\VS_WorkSpace\Windows核心编程源码\11-Batch\11-Batch.vcproj'.">
</Event><Event ErrorLevel="1" Project="11-Batch" Source="11-Batch\11-Batch.vcproj" Description="This application has been updated to include settings related to the User Account Control (UAC) feature of Windows Vista. By default, when run on Windows Vista with UAC enabled, this application is marked to run with the same privileges as the process that launched it. This marking also disables the application from running with virtualization. You can change UAC related settings from the Property Pages of the project.">
</Event><Event ErrorLevel="1" Project="11-Batch" Source="11-Batch\11-Batch.vcproj" Description="VCWebServiceProxyGeneratorTool is no longer supported. The tool has been removed from your project settings.">
</Event><Event ErrorLevel="1" Project="11-Batch" Source="11-Batch\11-Batch.vcproj" Description="Attribute 'Detect64BitPortabilityProblems' of 'VCCLCompilerTool' is not supported in this version and has been removed during conversion.">
</Event><Event ErrorLevel="0" Project="11-Batch" Source="11-Batch\11-Batch.vcproj" Description="Web deployment to the local IIS server is no longer supported. The Web Deployment build tool has been removed from your project settings.">
</Event><Event ErrorLevel="1" Project="11-Batch" Source="11-Batch\11-Batch.vcproj" Description="Attribute 'Detect64BitPortabilityProblems' of 'VCCLCompilerTool' is not supported in this version and has been removed during conversion.">
</Event><Event ErrorLevel="1" Project="11-Batch" Source="11-Batch\11-Batch.vcproj" Description="Attribute 'Detect64BitPortabilityProblems' of 'VCCLCompilerTool' is not supported in this version and has been removed during conversion.">
</Event><Event ErrorLevel="1" Project="11-Batch" Source="11-Batch\11-Batch.vcproj" Description="Attribute 'Detect64BitPortabilityProblems' of 'VCCLCompilerTool' is not supported in this version and has been removed during conversion.">
</Event><Event ErrorLevel="0" Project="11-Batch" Source="11-Batch\11-Batch.vcproj" Description="Done converting to new project file 'H:\VS_WorkSpace\Windows核心编程源码\11-Batch\11-Batch.vcxproj'.">
</Event><Event ErrorLevel="3" Project="11-Batch" Source="11-Batch\11-Batch.vcproj" Description="Converted">
</Event><Event ErrorLevel="0" Project="11-PrivateBatch" Source="11-PrivateBatch\11-PrivateBatch.vcproj" Description="Converting project file 'H:\VS_WorkSpace\Windows核心编程源码\11-PrivateBatch\11-PrivateBatch.vcproj'.">
</Event><Event ErrorLevel="1" Project="11-PrivateBatch" Source="11-PrivateBatch\11-PrivateBatch.vcproj" Description="This application has been updated to include settings related to the User Account Control (UAC) feature of Windows Vista. By default, when run on Windows Vista with UAC enabled, this application is marked to run with the same privileges as the process that launched it. This marking also disables the application from running with virtualization. You can change UAC related settings from the Property Pages of the project.">
</Event><Event ErrorLevel="1" Project="11-PrivateBatch" Source="11-PrivateBatch\11-PrivateBatch.vcproj" Description="VCWebServiceProxyGeneratorTool is no longer supported. The tool has been removed from your project settings.">
</Event><Event ErrorLevel="1" Project="11-PrivateBatch" Source="11-PrivateBatch\11-PrivateBatch.vcproj" Description="Attribute 'Detect64BitPortabilityProblems' of 'VCCLCompilerTool' is not supported in this version and has been removed during conversion.">
</Event><Event ErrorLevel="0" Project="11-PrivateBatch" Source="11-PrivateBatch\11-PrivateBatch.vcproj" Description="Web deployment to the local IIS server is no longer supported. The Web Deployment build tool has been removed from your project settings.">
</Event><Event ErrorLevel="1" Project="11-PrivateBatch" Source="11-PrivateBatch\11-PrivateBatch.vcproj" Description="Attribute 'Detect64BitPortabilityProblems' of 'VCCLCompilerTool' is not supported in this version and has been removed during conversion.">
</Event><Event ErrorLevel="1" Project="11-PrivateBatch" Source="11-PrivateBatch\11-PrivateBatch.vcproj" Description="Attribute 'Detect64BitPortabilityProblems' of 'VCCLCompilerTool' is not supported in this version and has been removed during conversion.">
</Event><Event ErrorLevel="1" Project="11-PrivateBatch" Source="11-PrivateBatch\11-PrivateBatch.vcproj" Description="Attribute 'Detect64BitPortabilityProblems' of 'VCCLCompilerTool' is not supported in this version and has been removed during conversion.">
</Event><Event ErrorLevel="0" Project="11-PrivateBatch" Source="11-PrivateBatch\11-PrivateBatch.vcproj" Description="Done converting to new project file 'H:\VS_WorkSpace\Windows核心编程源码\11-PrivateBatch\11-PrivateBatch.vcxproj'.">
</Event><Event ErrorLevel="3" Project="11-PrivateBatch" Source="11-PrivateBatch\11-PrivateBatch.vcproj" Description="Converted">
</Event><Event ErrorLevel="0" Project="11-TimedMsgBox" Source="11-TimedMsgBox\11-TimedMsgBox.vcproj" Description="Converting project file 'H:\VS_WorkSpace\Windows核心编程源码\11-TimedMsgBox\11-TimedMsgBox.vcproj'.">
</Event><Event ErrorLevel="1" Project="11-TimedMsgBox" Source="11-TimedMsgBox\11-TimedMsgBox.vcproj" Description="This application has been updated to include settings related to the User Account Control (UAC) feature of Windows Vista. By default, when run on Windows Vista with UAC enabled, this application is marked to run with the same privileges as the process that launched it. This marking also disables the application from running with virtualization. You can change UAC related settings from the Property Pages of the project.">
</Event><Event ErrorLevel="1" Project="11-TimedMsgBox" Source="11-TimedMsgBox\11-TimedMsgBox.vcproj" Description="VCWebServiceProxyGeneratorTool is no longer supported. The tool has been removed from your project settings.">
</Event><Event ErrorLevel="1" Project="11-TimedMsgBox" Source="11-TimedMsgBox\11-TimedMsgBox.vcproj" Description="Attribute 'Detect64BitPortabilityProblems' of 'VCCLCompilerTool' is not supported in this version and has been removed during conversion.">
</Event><Event ErrorLevel="0" Project="11-TimedMsgBox" Source="11-TimedMsgBox\11-TimedMsgBox.vcproj" Description="Web deployment to the local IIS server is no longer supported. The Web Deployment build tool has been removed from your project settings.">
</Event><Event ErrorLevel="1" Project="11-TimedMsgBox" Source="11-TimedMsgBox\11-TimedMsgBox.vcproj" Description="Attribute 'Detect64BitPortabilityProblems' of 'VCCLCompilerTool' is not supported in this version and has been removed during conversion.">
</Event><Event ErrorLevel="1" Project="11-TimedMsgBox" Source="11-TimedMsgBox\11-TimedMsgBox.vcproj" Description="Attribute 'Detect64BitPortabilityProblems' of 'VCCLCompilerTool' is not supported in this version and has been removed during conversion.">
</Event><Event ErrorLevel="1" Project="11-TimedMsgBox" Source="11-TimedMsgBox\11-TimedMsgBox.vcproj" Description="Attribute 'Detect64BitPortabilityProblems' of 'VCCLCompilerTool' is not supported in this version and has been removed during conversion.">
</Event><Event ErrorLevel="0" Project="11-TimedMsgBox" Source="11-TimedMsgBox\11-TimedMsgBox.vcproj" Description="Done converting to new project file 'H:\VS_WorkSpace\Windows核心编程源码\11-TimedMsgBox\11-TimedMsgBox.vcxproj'.">
</Event><Event ErrorLevel="3" Project="11-TimedMsgBox" Source="11-TimedMsgBox\11-TimedMsgBox.vcproj" Description="Converted">
</Event><Event ErrorLevel="0" Project="12-Counter" Source="12-Counter\12-Counter.vcproj" Description="Converting project file 'H:\VS_WorkSpace\Windows核心编程源码\12-Counter\12-Counter.vcproj'.">
</Event><Event ErrorLevel="1" Project="12-Counter" Source="12-Counter\12-Counter.vcproj" Description="This application has been updated to include settings related to the User Account Control (UAC) feature of Windows Vista. By default, when run on Windows Vista with UAC enabled, this application is marked to run with the same privileges as the process that launched it. This marking also disables the application from running with virtualization. You can change UAC related settings from the Property Pages of the project.">
</Event><Event ErrorLevel="1" Project="12-Counter" Source="12-Counter\12-Counter.vcproj" Description="VCWebServiceProxyGeneratorTool is no longer supported. The tool has been removed from your project settings.">
</Event><Event ErrorLevel="1" Project="12-Counter" Source="12-Counter\12-Counter.vcproj" Description="Attribute 'Detect64BitPortabilityProblems' of 'VCCLCompilerTool' is not supported in this version and has been removed during conversion.">
</Event><Event ErrorLevel="0" Project="12-Counter" Source="12-Counter\12-Counter.vcproj" Description="Web deployment to the local IIS server is no longer supported. The Web Deployment build tool has been removed from your project settings.">
</Event><Event ErrorLevel="1" Project="12-Counter" Source="12-Counter\12-Counter.vcproj" Description="Attribute 'Detect64BitPortabilityProblems' of 'VCCLCompilerTool' is not supported in this version and has been removed during conversion.">
</Event><Event ErrorLevel="1" Project="12-Counter" Source="12-Counter\12-Counter.vcproj" Description="Attribute 'Detect64BitPortabilityProblems' of 'VCCLCompilerTool' is not supported in this version and has been removed during conversion.">
</Event><Event ErrorLevel="1" Project="12-Counter" Source="12-Counter\12-Counter.vcproj" Description="Attribute 'Detect64BitPortabilityProblems' of 'VCCLCompilerTool' is not supported in this version and has been removed during conversion.">
</Event><Event ErrorLevel="0" Project="12-Counter" Source="12-Counter\12-Counter.vcproj" Description="Done converting to new project file 'H:\VS_WorkSpace\Windows核心编程源码\12-Counter\12-Counter.vcxproj'.">
</Event><Event ErrorLevel="3" Project="12-Counter" Source="12-Counter\12-Counter.vcproj" Description="Converted">
</Event><Event ErrorLevel="0" Project="14-SysInfo" Source="14-SysInfo\14-SysInfo.vcproj" Description="Converting project file 'H:\VS_WorkSpace\Windows核心编程源码\14-SysInfo\14-SysInfo.vcproj'.">
</Event><Event ErrorLevel="1" Project="14-SysInfo" Source="14-SysInfo\14-SysInfo.vcproj" Description="This application has been updated to include settings related to the User Account Control (UAC) feature of Windows Vista. By default, when run on Windows Vista with UAC enabled, this application is marked to run with the same privileges as the process that launched it. This marking also disables the application from running with virtualization. You can change UAC related settings from the Property Pages of the project.">
</Event><Event ErrorLevel="1" Project="14-SysInfo" Source="14-SysInfo\14-SysInfo.vcproj" Description="VCWebServiceProxyGeneratorTool is no longer supported. The tool has been removed from your project settings.">
</Event><Event ErrorLevel="1" Project="14-SysInfo" Source="14-SysInfo\14-SysInfo.vcproj" Description="Attribute 'Detect64BitPortabilityProblems' of 'VCCLCompilerTool' is not supported in this version and has been removed during conversion.">
</Event><Event ErrorLevel="0" Project="14-SysInfo" Source="14-SysInfo\14-SysInfo.vcproj" Description="Web deployment to the local IIS server is no longer supported. The Web Deployment build tool has been removed from your project settings.">
</Event><Event ErrorLevel="1" Project="14-SysInfo" Source="14-SysInfo\14-SysInfo.vcproj" Description="Attribute 'Detect64BitPortabilityProblems' of 'VCCLCompilerTool' is not supported in this version and has been removed during conversion.">
</Event><Event ErrorLevel="1" Project="14-SysInfo" Source="14-SysInfo\14-SysInfo.vcproj" Description="Attribute 'Detect64BitPortabilityProblems' of 'VCCLCompilerTool' is not supported in this version and has been removed during conversion.">
</Event><Event ErrorLevel="1" Project="14-SysInfo" Source="14-SysInfo\14-SysInfo.vcproj" Description="Attribute 'Detect64BitPortabilityProblems' of 'VCCLCompilerTool' is not supported in this version and has been removed during conversion.">
</Event><Event ErrorLevel="0" Project="14-SysInfo" Source="14-SysInfo\14-SysInfo.vcproj" Description="Done converting to new project file 'H:\VS_WorkSpace\Windows核心编程源码\14-SysInfo\14-SysInfo.vcxproj'.">
</Event><Event ErrorLevel="3" Project="14-SysInfo" Source="14-SysInfo\14-SysInfo.vcproj" Description="Converted">
</Event><Event ErrorLevel="0" Project="14-VMMap" Source="14-VMMap\14-VMMap.vcproj" Description="Converting project file 'H:\VS_WorkSpace\Windows核心编程源码\14-VMMap\14-VMMap.vcproj'.">
</Event><Event ErrorLevel="1" Project="14-VMMap" Source="14-VMMap\14-VMMap.vcproj" Description="This application has been updated to include settings related to the User Account Control (UAC) feature of Windows Vista. By default, when run on Windows Vista with UAC enabled, this application is marked to run with the same privileges as the process that launched it. This marking also disables the application from running with virtualization. You can change UAC related settings from the Property Pages of the project.">
</Event><Event ErrorLevel="1" Project="14-VMMap" Source="14-VMMap\14-VMMap.vcproj" Description="VCWebServiceProxyGeneratorTool is no longer supported. The tool has been removed from your project settings.">
</Event><Event ErrorLevel="1" Project="14-VMMap" Source="14-VMMap\14-VMMap.vcproj" Description="Attribute 'Detect64BitPortabilityProblems' of 'VCCLCompilerTool' is not supported in this version and has been removed during conversion.">
</Event><Event ErrorLevel="0" Project="14-VMMap" Source="14-VMMap\14-VMMap.vcproj" Description="Web deployment to the local IIS server is no longer supported. The Web Deployment build tool has been removed from your project settings.">
</Event><Event ErrorLevel="1" Project="14-VMMap" Source="14-VMMap\14-VMMap.vcproj" Description="Attribute 'Detect64BitPortabilityProblems' of 'VCCLCompilerTool' is not supported in this version and has been removed during conversion.">
</Event><Event ErrorLevel="1" Project="14-VMMap" Source="14-VMMap\14-VMMap.vcproj" Description="Attribute 'Detect64BitPortabilityProblems' of 'VCCLCompilerTool' is not supported in this version and has been removed during conversion.">
</Event><Event ErrorLevel="1" Project="14-VMMap" Source="14-VMMap\14-VMMap.vcproj" Description="Attribute 'Detect64BitPortabilityProblems' of 'VCCLCompilerTool' is not supported in this version and has been removed during conversion.">
</Event><Event ErrorLevel="0" Project="14-VMMap" Source="14-VMMap\14-VMMap.vcproj" Description="Done converting to new project file 'H:\VS_WorkSpace\Windows核心编程源码\14-VMMap\14-VMMap.vcxproj'.">
</Event><Event ErrorLevel="3" Project="14-VMMap" Source="14-VMMap\14-VMMap.vcproj" Description="Converted">
</Event><Event ErrorLevel="0" Project="14-VMStat" Source="14-VMStat\14-VMStat.vcproj" Description="Converting project file 'H:\VS_WorkSpace\Windows核心编程源码\14-VMStat\14-VMStat.vcproj'.">
</Event><Event ErrorLevel="1" Project="14-VMStat" Source="14-VMStat\14-VMStat.vcproj" Description="This application has been updated to include settings related to the User Account Control (UAC) feature of Windows Vista. By default, when run on Windows Vista with UAC enabled, this application is marked to run with the same privileges as the process that launched it. This marking also disables the application from running with virtualization. You can change UAC related settings from the Property Pages of the project.">
</Event><Event ErrorLevel="1" Project="14-VMStat" Source="14-VMStat\14-VMStat.vcproj" Description="VCWebServiceProxyGeneratorTool is no longer supported. The tool has been removed from your project settings.">
</Event><Event ErrorLevel="1" Project="14-VMStat" Source="14-VMStat\14-VMStat.vcproj" Description="Attribute 'Detect64BitPortabilityProblems' of 'VCCLCompilerTool' is not supported in this version and has been removed during conversion.">
</Event><Event ErrorLevel="0" Project="14-VMStat" Source="14-VMStat\14-VMStat.vcproj" Description="Web deployment to the local IIS server is no longer supported. The Web Deployment build tool has been removed from your project settings.">
</Event><Event ErrorLevel="1" Project="14-VMStat" Source="14-VMStat\14-VMStat.vcproj" Description="Attribute 'Detect64BitPortabilityProblems' of 'VCCLCompilerTool' is not supported in this version and has been removed during conversion.">
</Event><Event ErrorLevel="1" Project="14-VMStat" Source="14-VMStat\14-VMStat.vcproj" Description="Attribute 'Detect64BitPortabilityProblems' of 'VCCLCompilerTool' is not supported in this version and has been removed during conversion.">
</Event><Event ErrorLevel="1" Project="14-VMStat" Source="14-VMStat\14-VMStat.vcproj" Description="Attribute 'Detect64BitPortabilityProblems' of 'VCCLCompilerTool' is not supported in this version and has been removed during conversion.">
</Event><Event ErrorLevel="0" Project="14-VMStat" Source="14-VMStat\14-VMStat.vcproj" Description="Done converting to new project file 'H:\VS_WorkSpace\Windows核心编程源码\14-VMStat\14-VMStat.vcxproj'.">
</Event><Event ErrorLevel="3" Project="14-VMStat" Source="14-VMStat\14-VMStat.vcproj" Description="Converted">
</Event><Event ErrorLevel="0" Project="15-AWE" Source="15-AWE\15-AWE.vcproj" Description="Converting project file 'H:\VS_WorkSpace\Windows核心编程源码\15-AWE\15-AWE.vcproj'.">
</Event><Event ErrorLevel="1" Project="15-AWE" Source="15-AWE\15-AWE.vcproj" Description="This application has been updated to include settings related to the User Account Control (UAC) feature of Windows Vista. By default, when run on Windows Vista with UAC enabled, this application is marked to run with the same privileges as the process that launched it. This marking also disables the application from running with virtualization. You can change UAC related settings from the Property Pages of the project.">
</Event><Event ErrorLevel="1" Project="15-AWE" Source="15-AWE\15-AWE.vcproj" Description="VCWebServiceProxyGeneratorTool is no longer supported. The tool has been removed from your project settings.">
</Event><Event ErrorLevel="1" Project="15-AWE" Source="15-AWE\15-AWE.vcproj" Description="Attribute 'Detect64BitPortabilityProblems' of 'VCCLCompilerTool' is not supported in this version and has been removed during conversion.">
</Event><Event ErrorLevel="0" Project="15-AWE" Source="15-AWE\15-AWE.vcproj" Description="Web deployment to the local IIS server is no longer supported. The Web Deployment build tool has been removed from your project settings.">
</Event><Event ErrorLevel="1" Project="15-AWE" Source="15-AWE\15-AWE.vcproj" Description="Attribute 'Detect64BitPortabilityProblems' of 'VCCLCompilerTool' is not supported in this version and has been removed during conversion.">
</Event><Event ErrorLevel="1" Project="15-AWE" Source="15-AWE\15-AWE.vcproj" Description="Attribute 'Detect64BitPortabilityProblems' of 'VCCLCompilerTool' is not supported in this version and has been removed during conversion.">
</Event><Event ErrorLevel="1" Project="15-AWE" Source="15-AWE\15-AWE.vcproj" Description="Attribute 'Detect64BitPortabilityProblems' of 'VCCLCompilerTool' is not supported in this version and has been removed during conversion.">
</Event><Event ErrorLevel="0" Project="15-AWE" Source="15-AWE\15-AWE.vcproj" Description="Done converting to new project file 'H:\VS_WorkSpace\Windows核心编程源码\15-AWE\15-AWE.vcxproj'.">
</Event><Event ErrorLevel="3" Project="15-AWE" Source="15-AWE\15-AWE.vcproj" Description="Converted">
</Event><Event ErrorLevel="0" Project="15-MemReset" Source="15-MemReset\15-MemReset.vcproj" Description="Converting project file 'H:\VS_WorkSpace\Windows核心编程源码\15-MemReset\15-MemReset.vcproj'.">
</Event><Event ErrorLevel="1" Project="15-MemReset" Source="15-MemReset\15-MemReset.vcproj" Description="This application has been updated to include settings related to the User Account Control (UAC) feature of Windows Vista. By default, when run on Windows Vista with UAC enabled, this application is marked to run with the same privileges as the process that launched it. This marking also disables the application from running with virtualization. You can change UAC related settings from the Property Pages of the project.">
</Event><Event ErrorLevel="1" Project="15-MemReset" Source="15-MemReset\15-MemReset.vcproj" Description="VCWebServiceProxyGeneratorTool is no longer supported. The tool has been removed from your project settings.">
</Event><Event ErrorLevel="1" Project="15-MemReset" Source="15-MemReset\15-MemReset.vcproj" Description="Attribute 'Detect64BitPortabilityProblems' of 'VCCLCompilerTool' is not supported in this version and has been removed during conversion.">
</Event><Event ErrorLevel="0" Project="15-MemReset" Source="15-MemReset\15-MemReset.vcproj" Description="Web deployment to the local IIS server is no longer supported. The Web Deployment build tool has been removed from your project settings.">
</Event><Event ErrorLevel="1" Project="15-MemReset" Source="15-MemReset\15-MemReset.vcproj" Description="Attribute 'Detect64BitPortabilityProblems' of 'VCCLCompilerTool' is not supported in this version and has been removed during conversion.">
</Event><Event ErrorLevel="1" Project="15-MemReset" Source="15-MemReset\15-MemReset.vcproj" Description="Attribute 'Detect64BitPortabilityProblems' of 'VCCLCompilerTool' is not supported in this version and has been removed during conversion.">
</Event><Event ErrorLevel="1" Project="15-MemReset" Source="15-MemReset\15-MemReset.vcproj" Description="Attribute 'Detect64BitPortabilityProblems' of 'VCCLCompilerTool' is not supported in this version and has been removed during conversion.">
</Event><Event ErrorLevel="0" Project="15-MemReset" Source="15-MemReset\15-MemReset.vcproj" Description="Done converting to new project file 'H:\VS_WorkSpace\Windows核心编程源码\15-MemReset\15-MemReset.vcxproj'.">
</Event><Event ErrorLevel="3" Project="15-MemReset" Source="15-MemReset\15-MemReset.vcproj" Description="Converted">
</Event><Event ErrorLevel="0" Project="15-VMAlloc" Source="15-VMAlloc\15-VMAlloc.vcproj" Description="Converting project file 'H:\VS_WorkSpace\Windows核心编程源码\15-VMAlloc\15-VMAlloc.vcproj'.">
</Event><Event ErrorLevel="1" Project="15-VMAlloc" Source="15-VMAlloc\15-VMAlloc.vcproj" Description="This application has been updated to include settings related to the User Account Control (UAC) feature of Windows Vista. By default, when run on Windows Vista with UAC enabled, this application is marked to run with the same privileges as the process that launched it. This marking also disables the application from running with virtualization. You can change UAC related settings from the Property Pages of the project.">
</Event><Event ErrorLevel="1" Project="15-VMAlloc" Source="15-VMAlloc\15-VMAlloc.vcproj" Description="VCWebServiceProxyGeneratorTool is no longer supported. The tool has been removed from your project settings.">
</Event><Event ErrorLevel="1" Project="15-VMAlloc" Source="15-VMAlloc\15-VMAlloc.vcproj" Description="Attribute 'Detect64BitPortabilityProblems' of 'VCCLCompilerTool' is not supported in this version and has been removed during conversion.">
</Event><Event ErrorLevel="0" Project="15-VMAlloc" Source="15-VMAlloc\15-VMAlloc.vcproj" Description="Web deployment to the local IIS server is no longer supported. The Web Deployment build tool has been removed from your project settings.">
</Event><Event ErrorLevel="1" Project="15-VMAlloc" Source="15-VMAlloc\15-VMAlloc.vcproj" Description="Attribute 'Detect64BitPortabilityProblems' of 'VCCLCompilerTool' is not supported in this version and has been removed during conversion.">
</Event><Event ErrorLevel="1" Project="15-VMAlloc" Source="15-VMAlloc\15-VMAlloc.vcproj" Description="Attribute 'Detect64BitPortabilityProblems' of 'VCCLCompilerTool' is not supported in this version and has been removed during conversion.">
</Event><Event ErrorLevel="1" Project="15-VMAlloc" Source="15-VMAlloc\15-VMAlloc.vcproj" Description="Attribute 'Detect64BitPortabilityProblems' of 'VCCLCompilerTool' is not supported in this version and has been removed during conversion.">
</Event><Event ErrorLevel="0" Project="15-VMAlloc" Source="15-VMAlloc\15-VMAlloc.vcproj" Description="Done converting to new project file 'H:\VS_WorkSpace\Windows核心编程源码\15-VMAlloc\15-VMAlloc.vcxproj'.">
</Event><Event ErrorLevel="3" Project="15-VMAlloc" Source="15-VMAlloc\15-VMAlloc.vcproj" Description="Converted">
</Event><Event ErrorLevel="0" Project="16-Summation" Source="16-Summation\16-Summation.vcproj" Description="Converting project file 'H:\VS_WorkSpace\Windows核心编程源码\16-Summation\16-Summation.vcproj'.">
</Event><Event ErrorLevel="1" Project="16-Summation" Source="16-Summation\16-Summation.vcproj" Description="This application has been updated to include settings related to the User Account Control (UAC) feature of Windows Vista. By default, when run on Windows Vista with UAC enabled, this application is marked to run with the same privileges as the process that launched it. This marking also disables the application from running with virtualization. You can change UAC related settings from the Property Pages of the project.">
</Event><Event ErrorLevel="1" Project="16-Summation" Source="16-Summation\16-Summation.vcproj" Description="VCWebServiceProxyGeneratorTool is no longer supported. The tool has been removed from your project settings.">
</Event><Event ErrorLevel="1" Project="16-Summation" Source="16-Summation\16-Summation.vcproj" Description="Attribute 'Detect64BitPortabilityProblems' of 'VCCLCompilerTool' is not supported in this version and has been removed during conversion.">
</Event><Event ErrorLevel="0" Project="16-Summation" Source="16-Summation\16-Summation.vcproj" Description="Web deployment to the local IIS server is no longer supported. The Web Deployment build tool has been removed from your project settings.">
</Event><Event ErrorLevel="1" Project="16-Summation" Source="16-Summation\16-Summation.vcproj" Description="Attribute 'Detect64BitPortabilityProblems' of 'VCCLCompilerTool' is not supported in this version and has been removed during conversion.">
</Event><Event ErrorLevel="1" Project="16-Summation" Source="16-Summation\16-Summation.vcproj" Description="Attribute 'Detect64BitPortabilityProblems' of 'VCCLCompilerTool' is not supported in this version and has been removed during conversion.">
</Event><Event ErrorLevel="1" Project="16-Summation" Source="16-Summation\16-Summation.vcproj" Description="Attribute 'Detect64BitPortabilityProblems' of 'VCCLCompilerTool' is not supported in this version and has been removed during conversion.">
</Event><Event ErrorLevel="0" Project="16-Summation" Source="16-Summation\16-Summation.vcproj" Description="Done converting to new project file 'H:\VS_WorkSpace\Windows核心编程源码\16-Summation\16-Summation.vcxproj'.">
</Event><Event ErrorLevel="3" Project="16-Summation" Source="16-Summation\16-Summation.vcproj" Description="Converted">
</Event><Event ErrorLevel="0" Project="17-AppInst" Source="17-AppInst\17-AppInst.vcproj" Description="Converting project file 'H:\VS_WorkSpace\Windows核心编程源码\17-AppInst\17-AppInst.vcproj'.">
</Event><Event ErrorLevel="1" Project="17-AppInst" Source="17-AppInst\17-AppInst.vcproj" Description="This application has been updated to include settings related to the User Account Control (UAC) feature of Windows Vista. By default, when run on Windows Vista with UAC enabled, this application is marked to run with the same privileges as the process that launched it. This marking also disables the application from running with virtualization. You can change UAC related settings from the Property Pages of the project.">
</Event><Event ErrorLevel="1" Project="17-AppInst" Source="17-AppInst\17-AppInst.vcproj" Description="VCWebServiceProxyGeneratorTool is no longer supported. The tool has been removed from your project settings.">
</Event><Event ErrorLevel="1" Project="17-AppInst" Source="17-AppInst\17-AppInst.vcproj" Description="Attribute 'Detect64BitPortabilityProblems' of 'VCCLCompilerTool' is not supported in this version and has been removed during conversion.">
</Event><Event ErrorLevel="0" Project="17-AppInst" Source="17-AppInst\17-AppInst.vcproj" Description="Web deployment to the local IIS server is no longer supported. The Web Deployment build tool has been removed from your project settings.">
</Event><Event ErrorLevel="1" Project="17-AppInst" Source="17-AppInst\17-AppInst.vcproj" Description="Attribute 'Detect64BitPortabilityProblems' of 'VCCLCompilerTool' is not supported in this version and has been removed during conversion.">
</Event><Event ErrorLevel="1" Project="17-AppInst" Source="17-AppInst\17-AppInst.vcproj" Description="Attribute 'Detect64BitPortabilityProblems' of 'VCCLCompilerTool' is not supported in this version and has been removed during conversion.">
</Event><Event ErrorLevel="1" Project="17-AppInst" Source="17-AppInst\17-AppInst.vcproj" Description="Attribute 'Detect64BitPortabilityProblems' of 'VCCLCompilerTool' is not supported in this version and has been removed during conversion.">
</Event><Event ErrorLevel="0" Project="17-AppInst" Source="17-AppInst\17-AppInst.vcproj" Description="Done converting to new project file 'H:\VS_WorkSpace\Windows核心编程源码\17-AppInst\17-AppInst.vcxproj'.">
</Event><Event ErrorLevel="3" Project="17-AppInst" Source="17-AppInst\17-AppInst.vcproj" Description="Converted">
</Event><Event ErrorLevel="0" Project="17-FileRev" Source="17-FileRev\17-FileRev.vcproj" Description="Converting project file 'H:\VS_WorkSpace\Windows核心编程源码\17-FileRev\17-FileRev.vcproj'.">
</Event><Event ErrorLevel="1" Project="17-FileRev" Source="17-FileRev\17-FileRev.vcproj" Description="This application has been updated to include settings related to the User Account Control (UAC) feature of Windows Vista. By default, when run on Windows Vista with UAC enabled, this application is marked to run with the same privileges as the process that launched it. This marking also disables the application from running with virtualization. You can change UAC related settings from the Property Pages of the project.">
</Event><Event ErrorLevel="1" Project="17-FileRev" Source="17-FileRev\17-FileRev.vcproj" Description="VCWebServiceProxyGeneratorTool is no longer supported. The tool has been removed from your project settings.">
</Event><Event ErrorLevel="1" Project="17-FileRev" Source="17-FileRev\17-FileRev.vcproj" Description="Attribute 'Detect64BitPortabilityProblems' of 'VCCLCompilerTool' is not supported in this version and has been removed during conversion.">
</Event><Event ErrorLevel="0" Project="17-FileRev" Source="17-FileRev\17-FileRev.vcproj" Description="Web deployment to the local IIS server is no longer supported. The Web Deployment build tool has been removed from your project settings.">
</Event><Event ErrorLevel="1" Project="17-FileRev" Source="17-FileRev\17-FileRev.vcproj" Description="Attribute 'Detect64BitPortabilityProblems' of 'VCCLCompilerTool' is not supported in this version and has been removed during conversion.">
</Event><Event ErrorLevel="1" Project="17-FileRev" Source="17-FileRev\17-FileRev.vcproj" Description="Attribute 'Detect64BitPortabilityProblems' of 'VCCLCompilerTool' is not supported in this version and has been removed during conversion.">
</Event><Event ErrorLevel="1" Project="17-FileRev" Source="17-FileRev\17-FileRev.vcproj" Description="Attribute 'Detect64BitPortabilityProblems' of 'VCCLCompilerTool' is not supported in this version and has been removed during conversion.">
</Event><Event ErrorLevel="0" Project="17-FileRev" Source="17-FileRev\17-FileRev.vcproj" Description="Done converting to new project file 'H:\VS_WorkSpace\Windows核心编程源码\17-FileRev\17-FileRev.vcxproj'.">
</Event><Event ErrorLevel="3" Project="17-FileRev" Source="17-FileRev\17-FileRev.vcproj" Description="Converted">
</Event><Event ErrorLevel="0" Project="17-MMFShare" Source="17-MMFShare\17-MMFShare.vcproj" Description="Converting project file 'H:\VS_WorkSpace\Windows核心编程源码\17-MMFShare\17-MMFShare.vcproj'.">
</Event><Event ErrorLevel="1" Project="17-MMFShare" Source="17-MMFShare\17-MMFShare.vcproj" Description="This application has been updated to include settings related to the User Account Control (UAC) feature of Windows Vista. By default, when run on Windows Vista with UAC enabled, this application is marked to run with the same privileges as the process that launched it. This marking also disables the application from running with virtualization. You can change UAC related settings from the Property Pages of the project.">
</Event><Event ErrorLevel="1" Project="17-MMFShare" Source="17-MMFShare\17-MMFShare.vcproj" Description="VCWebServiceProxyGeneratorTool is no longer supported. The tool has been removed from your project settings.">
</Event><Event ErrorLevel="1" Project="17-MMFShare" Source="17-MMFShare\17-MMFShare.vcproj" Description="Attribute 'Detect64BitPortabilityProblems' of 'VCCLCompilerTool' is not supported in this version and has been removed during conversion.">
</Event><Event ErrorLevel="0" Project="17-MMFShare" Source="17-MMFShare\17-MMFShare.vcproj" Description="Web deployment to the local IIS server is no longer supported. The Web Deployment build tool has been removed from your project settings.">
</Event><Event ErrorLevel="1" Project="17-MMFShare" Source="17-MMFShare\17-MMFShare.vcproj" Description="Attribute 'Detect64BitPortabilityProblems' of 'VCCLCompilerTool' is not supported in this version and has been removed during conversion.">
</Event><Event ErrorLevel="1" Project="17-MMFShare" Source="17-MMFShare\17-MMFShare.vcproj" Description="Attribute 'Detect64BitPortabilityProblems' of 'VCCLCompilerTool' is not supported in this version and has been removed during conversion.">
</Event><Event ErrorLevel="1" Project="17-MMFShare" Source="17-MMFShare\17-MMFShare.vcproj" Description="Attribute 'Detect64BitPortabilityProblems' of 'VCCLCompilerTool' is not supported in this version and has been removed during conversion.">
</Event><Event ErrorLevel="0" Project="17-MMFShare" Source="17-MMFShare\17-MMFShare.vcproj" Description="Done converting to new project file 'H:\VS_WorkSpace\Windows核心编程源码\17-MMFShare\17-MMFShare.vcxproj'.">
</Event><Event ErrorLevel="3" Project="17-MMFShare" Source="17-MMFShare\17-MMFShare.vcproj" Description="Converted">
</Event><Event ErrorLevel="0" Project="17-MMFSparse" Source="17-MMFSparse\17-MMFSparse.vcproj" Description="Converting project file 'H:\VS_WorkSpace\Windows核心编程源码\17-MMFSparse\17-MMFSparse.vcproj'.">
</Event><Event ErrorLevel="1" Project="17-MMFSparse" Source="17-MMFSparse\17-MMFSparse.vcproj" Description="This application has been updated to include settings related to the User Account Control (UAC) feature of Windows Vista. By default, when run on Windows Vista with UAC enabled, this application is marked to run with the same privileges as the process that launched it. This marking also disables the application from running with virtualization. You can change UAC related settings from the Property Pages of the project.">
</Event><Event ErrorLevel="1" Project="17-MMFSparse" Source="17-MMFSparse\17-MMFSparse.vcproj" Description="VCWebServiceProxyGeneratorTool is no longer supported. The tool has been removed from your project settings.">
</Event><Event ErrorLevel="1" Project="17-MMFSparse" Source="17-MMFSparse\17-MMFSparse.vcproj" Description="Attribute 'Detect64BitPortabilityProblems' of 'VCCLCompilerTool' is not supported in this version and has been removed during conversion.">
</Event><Event ErrorLevel="0" Project="17-MMFSparse" Source="17-MMFSparse\17-MMFSparse.vcproj" Description="Web deployment to the local IIS server is no longer supported. The Web Deployment build tool has been removed from your project settings.">
</Event><Event ErrorLevel="1" Project="17-MMFSparse" Source="17-MMFSparse\17-MMFSparse.vcproj" Description="Attribute 'Detect64BitPortabilityProblems' of 'VCCLCompilerTool' is not supported in this version and has been removed during conversion.">
</Event><Event ErrorLevel="1" Project="17-MMFSparse" Source="17-MMFSparse\17-MMFSparse.vcproj" Description="Attribute 'Detect64BitPortabilityProblems' of 'VCCLCompilerTool' is not supported in this version and has been removed during conversion.">
</Event><Event ErrorLevel="1" Project="17-MMFSparse" Source="17-MMFSparse\17-MMFSparse.vcproj" Description="Attribute 'Detect64BitPortabilityProblems' of 'VCCLCompilerTool' is not supported in this version and has been removed during conversion.">
</Event><Event ErrorLevel="0" Project="17-MMFSparse" Source="17-MMFSparse\17-MMFSparse.vcproj" Description="Done converting to new project file 'H:\VS_WorkSpace\Windows核心编程源码\17-MMFSparse\17-MMFSparse.vcxproj'.">
</Event><Event ErrorLevel="3" Project="17-MMFSparse" Source="17-MMFSparse\17-MMFSparse.vcproj" Description="Converted">
</Event><Event ErrorLevel="0" Project="20-DelayLoadApp" Source="20-DelayLoadApp\20-DelayLoadApp.vcproj" Description="Converting project file 'H:\VS_WorkSpace\Windows核心编程源码\20-DelayLoadApp\20-DelayLoadApp.vcproj'.">
</Event><Event ErrorLevel="1" Project="20-DelayLoadApp" Source="20-DelayLoadApp\20-DelayLoadApp.vcproj" Description="This application has been updated to include settings related to the User Account Control (UAC) feature of Windows Vista. By default, when run on Windows Vista with UAC enabled, this application is marked to run with the same privileges as the process that launched it. This marking also disables the application from running with virtualization. You can change UAC related settings from the Property Pages of the project.">
</Event><Event ErrorLevel="1" Project="20-DelayLoadApp" Source="20-DelayLoadApp\20-DelayLoadApp.vcproj" Description="VCWebServiceProxyGeneratorTool is no longer supported. The tool has been removed from your project settings.">
</Event><Event ErrorLevel="1" Project="20-DelayLoadApp" Source="20-DelayLoadApp\20-DelayLoadApp.vcproj" Description="Attribute 'Detect64BitPortabilityProblems' of 'VCCLCompilerTool' is not supported in this version and has been removed during conversion.">
</Event><Event ErrorLevel="0" Project="20-DelayLoadApp" Source="20-DelayLoadApp\20-DelayLoadApp.vcproj" Description="Web deployment to the local IIS server is no longer supported. The Web Deployment build tool has been removed from your project settings.">
</Event><Event ErrorLevel="1" Project="20-DelayLoadApp" Source="20-DelayLoadApp\20-DelayLoadApp.vcproj" Description="Attribute 'Detect64BitPortabilityProblems' of 'VCCLCompilerTool' is not supported in this version and has been removed during conversion.">
</Event><Event ErrorLevel="1" Project="20-DelayLoadApp" Source="20-DelayLoadApp\20-DelayLoadApp.vcproj" Description="Attribute 'Detect64BitPortabilityProblems' of 'VCCLCompilerTool' is not supported in this version and has been removed during conversion.">
</Event><Event ErrorLevel="1" Project="20-DelayLoadApp" Source="20-DelayLoadApp\20-DelayLoadApp.vcproj" Description="Attribute 'Detect64BitPortabilityProblems' of 'VCCLCompilerTool' is not supported in this version and has been removed during conversion.">
</Event><Event ErrorLevel="0" Project="20-DelayLoadApp" Source="20-DelayLoadApp\20-DelayLoadApp.vcproj" Description="Done converting to new project file 'H:\VS_WorkSpace\Windows核心编程源码\20-DelayLoadApp\20-DelayLoadApp.vcxproj'.">
</Event><Event ErrorLevel="3" Project="20-DelayLoadApp" Source="20-DelayLoadApp\20-DelayLoadApp.vcproj" Description="Converted">
</Event><Event ErrorLevel="0" Project="20-DelayLoadLib" Source="20-DelayLoadLib\20-DelayLoadLib.vcproj" Description="Converting project file 'H:\VS_WorkSpace\Windows核心编程源码\20-DelayLoadLib\20-DelayLoadLib.vcproj'.">
</Event><Event ErrorLevel="1" Project="20-DelayLoadLib" Source="20-DelayLoadLib\20-DelayLoadLib.vcproj" Description="This application has been updated to include settings related to the User Account Control (UAC) feature of Windows Vista. By default, when run on Windows Vista with UAC enabled, this application is marked to run with the same privileges as the process that launched it. This marking also disables the application from running with virtualization. You can change UAC related settings from the Property Pages of the project.">
</Event><Event ErrorLevel="1" Project="20-DelayLoadLib" Source="20-DelayLoadLib\20-DelayLoadLib.vcproj" Description="VCWebServiceProxyGeneratorTool is no longer supported. The tool has been removed from your project settings.">
</Event><Event ErrorLevel="1" Project="20-DelayLoadLib" Source="20-DelayLoadLib\20-DelayLoadLib.vcproj" Description="Attribute 'Detect64BitPortabilityProblems' of 'VCCLCompilerTool' is not supported in this version and has been removed during conversion.">
</Event><Event ErrorLevel="0" Project="20-DelayLoadLib" Source="20-DelayLoadLib\20-DelayLoadLib.vcproj" Description="Web deployment to the local IIS server is no longer supported. The Web Deployment build tool has been removed from your project settings.">
</Event><Event ErrorLevel="1" Project="20-DelayLoadLib" Source="20-DelayLoadLib\20-DelayLoadLib.vcproj" Description="Attribute 'Detect64BitPortabilityProblems' of 'VCCLCompilerTool' is not supported in this version and has been removed during conversion.">
</Event><Event ErrorLevel="1" Project="20-DelayLoadLib" Source="20-DelayLoadLib\20-DelayLoadLib.vcproj" Description="Attribute 'Detect64BitPortabilityProblems' of 'VCCLCompilerTool' is not supported in this version and has been removed during conversion.">
</Event><Event ErrorLevel="1" Project="20-DelayLoadLib" Source="20-DelayLoadLib\20-DelayLoadLib.vcproj" Description="Attribute 'Detect64BitPortabilityProblems' of 'VCCLCompilerTool' is not supported in this version and has been removed during conversion.">
</Event><Event ErrorLevel="0" Project="20-DelayLoadLib" Source="20-DelayLoadLib\20-DelayLoadLib.vcproj" Description="Done converting to new project file 'H:\VS_WorkSpace\Windows核心编程源码\20-DelayLoadLib\20-DelayLoadLib.vcxproj'.">
</Event><Event ErrorLevel="3" Project="20-DelayLoadLib" Source="20-DelayLoadLib\20-DelayLoadLib.vcproj" Description="Converted">
</Event><Event ErrorLevel="0" Project="22-ImgWalk" Source="22-ImgWalk\22-ImgWalk.vcproj" Description="Converting project file 'H:\VS_WorkSpace\Windows核心编程源码\22-ImgWalk\22-ImgWalk.vcproj'.">
</Event><Event ErrorLevel="1" Project="22-ImgWalk" Source="22-ImgWalk\22-ImgWalk.vcproj" Description="This application has been updated to include settings related to the User Account Control (UAC) feature of Windows Vista. By default, when run on Windows Vista with UAC enabled, this application is marked to run with the same privileges as the process that launched it. This marking also disables the application from running with virtualization. You can change UAC related settings from the Property Pages of the project.">
</Event><Event ErrorLevel="1" Project="22-ImgWalk" Source="22-ImgWalk\22-ImgWalk.vcproj" Description="VCWebServiceProxyGeneratorTool is no longer supported. The tool has been removed from your project settings.">
</Event><Event ErrorLevel="1" Project="22-ImgWalk" Source="22-ImgWalk\22-ImgWalk.vcproj" Description="Attribute 'Detect64BitPortabilityProblems' of 'VCCLCompilerTool' is not supported in this version and has been removed during conversion.">
</Event><Event ErrorLevel="0" Project="22-ImgWalk" Source="22-ImgWalk\22-ImgWalk.vcproj" Description="Web deployment to the local IIS server is no longer supported. The Web Deployment build tool has been removed from your project settings.">
</Event><Event ErrorLevel="1" Project="22-ImgWalk" Source="22-ImgWalk\22-ImgWalk.vcproj" Description="Attribute 'Detect64BitPortabilityProblems' of 'VCCLCompilerTool' is not supported in this version and has been removed during conversion.">
</Event><Event ErrorLevel="1" Project="22-ImgWalk" Source="22-ImgWalk\22-ImgWalk.vcproj" Description="Attribute 'Detect64BitPortabilityProblems' of 'VCCLCompilerTool' is not supported in this version and has been removed during conversion.">
</Event><Event ErrorLevel="1" Project="22-ImgWalk" Source="22-ImgWalk\22-ImgWalk.vcproj" Description="Attribute 'Detect64BitPortabilityProblems' of 'VCCLCompilerTool' is not supported in this version and has been removed during conversion.">
</Event><Event ErrorLevel="0" Project="22-ImgWalk" Source="22-ImgWalk\22-ImgWalk.vcproj" Description="Done converting to new project file 'H:\VS_WorkSpace\Windows核心编程源码\22-ImgWalk\22-ImgWalk.vcxproj'.">
</Event><Event ErrorLevel="3" Project="22-ImgWalk" Source="22-ImgWalk\22-ImgWalk.vcproj" Description="Converted">
</Event><Event ErrorLevel="0" Project="22-DIPS" Source="22-DIPS\22-DIPS.vcproj" Description="Converting project file 'H:\VS_WorkSpace\Windows核心编程源码\22-DIPS\22-DIPS.vcproj'.">
</Event><Event ErrorLevel="1" Project="22-DIPS" Source="22-DIPS\22-DIPS.vcproj" Description="This application has been updated to include settings related to the User Account Control (UAC) feature of Windows Vista. By default, when run on Windows Vista with UAC enabled, this application is marked to run with the same privileges as the process that launched it. This marking also disables the application from running with virtualization. You can change UAC related settings from the Property Pages of the project.">
</Event><Event ErrorLevel="1" Project="22-DIPS" Source="22-DIPS\22-DIPS.vcproj" Description="VCWebServiceProxyGeneratorTool is no longer supported. The tool has been removed from your project settings.">
</Event><Event ErrorLevel="1" Project="22-DIPS" Source="22-DIPS\22-DIPS.vcproj" Description="Attribute 'Detect64BitPortabilityProblems' of 'VCCLCompilerTool' is not supported in this version and has been removed during conversion.">
</Event><Event ErrorLevel="0" Project="22-DIPS" Source="22-DIPS\22-DIPS.vcproj" Description="Web deployment to the local IIS server is no longer supported. The Web Deployment build tool has been removed from your project settings.">
</Event><Event ErrorLevel="1" Project="22-DIPS" Source="22-DIPS\22-DIPS.vcproj" Description="Attribute 'Detect64BitPortabilityProblems' of 'VCCLCompilerTool' is not supported in this version and has been removed during conversion.">
</Event><Event ErrorLevel="1" Project="22-DIPS" Source="22-DIPS\22-DIPS.vcproj" Description="Attribute 'Detect64BitPortabilityProblems' of 'VCCLCompilerTool' is not supported in this version and has been removed during conversion.">
</Event><Event ErrorLevel="1" Project="22-DIPS" Source="22-DIPS\22-DIPS.vcproj" Description="Attribute 'Detect64BitPortabilityProblems' of 'VCCLCompilerTool' is not supported in this version and has been removed during conversion.">
</Event><Event ErrorLevel="0" Project="22-DIPS" Source="22-DIPS\22-DIPS.vcproj" Description="Done converting to new project file 'H:\VS_WorkSpace\Windows核心编程源码\22-DIPS\22-DIPS.vcxproj'.">
</Event><Event ErrorLevel="3" Project="22-DIPS" Source="22-DIPS\22-DIPS.vcproj" Description="Converted">
</Event><Event ErrorLevel="0" Project="22-DIPSLib" Source="22-DIPSLib\22-DIPSLib.vcproj" Description="Converting project file 'H:\VS_WorkSpace\Windows核心编程源码\22-DIPSLib\22-DIPSLib.vcproj'.">
</Event><Event ErrorLevel="1" Project="22-DIPSLib" Source="22-DIPSLib\22-DIPSLib.vcproj" Description="This application has been updated to include settings related to the User Account Control (UAC) feature of Windows Vista. By default, when run on Windows Vista with UAC enabled, this application is marked to run with the same privileges as the process that launched it. This marking also disables the application from running with virtualization. You can change UAC related settings from the Property Pages of the project.">
</Event><Event ErrorLevel="1" Project="22-DIPSLib" Source="22-DIPSLib\22-DIPSLib.vcproj" Description="VCWebServiceProxyGeneratorTool is no longer supported. The tool has been removed from your project settings.">
</Event><Event ErrorLevel="1" Project="22-DIPSLib" Source="22-DIPSLib\22-DIPSLib.vcproj" Description="Attribute 'Detect64BitPortabilityProblems' of 'VCCLCompilerTool' is not supported in this version and has been removed during conversion.">
</Event><Event ErrorLevel="0" Project="22-DIPSLib" Source="22-DIPSLib\22-DIPSLib.vcproj" Description="Web deployment to the local IIS server is no longer supported. The Web Deployment build tool has been removed from your project settings.">
</Event><Event ErrorLevel="1" Project="22-DIPSLib" Source="22-DIPSLib\22-DIPSLib.vcproj" Description="Attribute 'Detect64BitPortabilityProblems' of 'VCCLCompilerTool' is not supported in this version and has been removed during conversion.">
</Event><Event ErrorLevel="1" Project="22-DIPSLib" Source="22-DIPSLib\22-DIPSLib.vcproj" Description="Attribute 'Detect64BitPortabilityProblems' of 'VCCLCompilerTool' is not supported in this version and has been removed during conversion.">
</Event><Event ErrorLevel="1" Project="22-DIPSLib" Source="22-DIPSLib\22-DIPSLib.vcproj" Description="Attribute 'Detect64BitPortabilityProblems' of 'VCCLCompilerTool' is not supported in this version and has been removed during conversion.">
</Event><Event ErrorLevel="0" Project="22-DIPSLib" Source="22-DIPSLib\22-DIPSLib.vcproj" Description="Done converting to new project file 'H:\VS_WorkSpace\Windows核心编程源码\22-DIPSLib\22-DIPSLib.vcxproj'.">
</Event><Event ErrorLevel="3" Project="22-DIPSLib" Source="22-DIPSLib\22-DIPSLib.vcproj" Description="Converted">
</Event><Event ErrorLevel="0" Project="22-LastMsgBoxInfo" Source="22-LastMsgBoxInfo\22-LastMsgBoxInfo.vcproj" Description="Converting project file 'H:\VS_WorkSpace\Windows核心编程源码\22-LastMsgBoxInfo\22-LastMsgBoxInfo.vcproj'.">
</Event><Event ErrorLevel="1" Project="22-LastMsgBoxInfo" Source="22-LastMsgBoxInfo\22-LastMsgBoxInfo.vcproj" Description="This application has been updated to include settings related to the User Account Control (UAC) feature of Windows Vista. By default, when run on Windows Vista with UAC enabled, this application is marked to run with the same privileges as the process that launched it. This marking also disables the application from running with virtualization. You can change UAC related settings from the Property Pages of the project.">
</Event><Event ErrorLevel="1" Project="22-LastMsgBoxInfo" Source="22-LastMsgBoxInfo\22-LastMsgBoxInfo.vcproj" Description="VCWebServiceProxyGeneratorTool is no longer supported. The tool has been removed from your project settings.">
</Event><Event ErrorLevel="1" Project="22-LastMsgBoxInfo" Source="22-LastMsgBoxInfo\22-LastMsgBoxInfo.vcproj" Description="Attribute 'Detect64BitPortabilityProblems' of 'VCCLCompilerTool' is not supported in this version and has been removed during conversion.">
</Event><Event ErrorLevel="0" Project="22-LastMsgBoxInfo" Source="22-LastMsgBoxInfo\22-LastMsgBoxInfo.vcproj" Description="Web deployment to the local IIS server is no longer supported. The Web Deployment build tool has been removed from your project settings.">
</Event><Event ErrorLevel="1" Project="22-LastMsgBoxInfo" Source="22-LastMsgBoxInfo\22-LastMsgBoxInfo.vcproj" Description="Attribute 'Detect64BitPortabilityProblems' of 'VCCLCompilerTool' is not supported in this version and has been removed during conversion.">
</Event><Event ErrorLevel="1" Project="22-LastMsgBoxInfo" Source="22-LastMsgBoxInfo\22-LastMsgBoxInfo.vcproj" Description="Attribute 'Detect64BitPortabilityProblems' of 'VCCLCompilerTool' is not supported in this version and has been removed during conversion.">
</Event><Event ErrorLevel="1" Project="22-LastMsgBoxInfo" Source="22-LastMsgBoxInfo\22-LastMsgBoxInfo.vcproj" Description="Attribute 'Detect64BitPortabilityProblems' of 'VCCLCompilerTool' is not supported in this version and has been removed during conversion.">
</Event><Event ErrorLevel="0" Project="22-LastMsgBoxInfo" Source="22-LastMsgBoxInfo\22-LastMsgBoxInfo.vcproj" Description="Done converting to new project file 'H:\VS_WorkSpace\Windows核心编程源码\22-LastMsgBoxInfo\22-LastMsgBoxInfo.vcxproj'.">
</Event><Event ErrorLevel="3" Project="22-LastMsgBoxInfo" Source="22-LastMsgBoxInfo\22-LastMsgBoxInfo.vcproj" Description="Converted">
</Event><Event ErrorLevel="0" Project="22-LastMsgBoxInfoLib" Source="22-LastMsgBoxInfoLib\22-LastMsgBoxInfoLib.vcproj" Description="Converting project file 'H:\VS_WorkSpace\Windows核心编程源码\22-LastMsgBoxInfoLib\22-LastMsgBoxInfoLib.vcproj'.">
</Event><Event ErrorLevel="1" Project="22-LastMsgBoxInfoLib" Source="22-LastMsgBoxInfoLib\22-LastMsgBoxInfoLib.vcproj" Description="This application has been updated to include settings related to the User Account Control (UAC) feature of Windows Vista. By default, when run on Windows Vista with UAC enabled, this application is marked to run with the same privileges as the process that launched it. This marking also disables the application from running with virtualization. You can change UAC related settings from the Property Pages of the project.">
</Event><Event ErrorLevel="1" Project="22-LastMsgBoxInfoLib" Source="22-LastMsgBoxInfoLib\22-LastMsgBoxInfoLib.vcproj" Description="VCWebServiceProxyGeneratorTool is no longer supported. The tool has been removed from your project settings.">
</Event><Event ErrorLevel="1" Project="22-LastMsgBoxInfoLib" Source="22-LastMsgBoxInfoLib\22-LastMsgBoxInfoLib.vcproj" Description="Attribute 'Detect64BitPortabilityProblems' of 'VCCLCompilerTool' is not supported in this version and has been removed during conversion.">
</Event><Event ErrorLevel="0" Project="22-LastMsgBoxInfoLib" Source="22-LastMsgBoxInfoLib\22-LastMsgBoxInfoLib.vcproj" Description="Web deployment to the local IIS server is no longer supported. The Web Deployment build tool has been removed from your project settings.">
</Event><Event ErrorLevel="1" Project="22-LastMsgBoxInfoLib" Source="22-LastMsgBoxInfoLib\22-LastMsgBoxInfoLib.vcproj" Description="Attribute 'Detect64BitPortabilityProblems' of 'VCCLCompilerTool' is not supported in this version and has been removed during conversion.">
</Event><Event ErrorLevel="1" Project="22-LastMsgBoxInfoLib" Source="22-LastMsgBoxInfoLib\22-LastMsgBoxInfoLib.vcproj" Description="Attribute 'Detect64BitPortabilityProblems' of 'VCCLCompilerTool' is not supported in this version and has been removed during conversion.">
</Event><Event ErrorLevel="1" Project="22-LastMsgBoxInfoLib" Source="22-LastMsgBoxInfoLib\22-LastMsgBoxInfoLib.vcproj" Description="Attribute 'Detect64BitPortabilityProblems' of 'VCCLCompilerTool' is not supported in this version and has been removed during conversion.">
</Event><Event ErrorLevel="0" Project="22-LastMsgBoxInfoLib" Source="22-LastMsgBoxInfoLib\22-LastMsgBoxInfoLib.vcproj" Description="Done converting to new project file 'H:\VS_WorkSpace\Windows核心编程源码\22-LastMsgBoxInfoLib\22-LastMsgBoxInfoLib.vcxproj'.">
</Event><Event ErrorLevel="3" Project="22-LastMsgBoxInfoLib" Source="22-LastMsgBoxInfoLib\22-LastMsgBoxInfoLib.vcproj" Description="Converted">
</Event><Event ErrorLevel="0" Project="22-InjLib" Source="22-InjLib\22-InjLib.vcproj" Description="Converting project file 'H:\VS_WorkSpace\Windows核心编程源码\22-InjLib\22-InjLib.vcproj'.">
</Event><Event ErrorLevel="1" Project="22-InjLib" Source="22-InjLib\22-InjLib.vcproj" Description="This application has been updated to include settings related to the User Account Control (UAC) feature of Windows Vista. By default, when run on Windows Vista with UAC enabled, this application is marked to run with the same privileges as the process that launched it. This marking also disables the application from running with virtualization. You can change UAC related settings from the Property Pages of the project.">
</Event><Event ErrorLevel="1" Project="22-InjLib" Source="22-InjLib\22-InjLib.vcproj" Description="VCWebServiceProxyGeneratorTool is no longer supported. The tool has been removed from your project settings.">
</Event><Event ErrorLevel="1" Project="22-InjLib" Source="22-InjLib\22-InjLib.vcproj" Description="Attribute 'Detect64BitPortabilityProblems' of 'VCCLCompilerTool' is not supported in this version and has been removed during conversion.">
</Event><Event ErrorLevel="0" Project="22-InjLib" Source="22-InjLib\22-InjLib.vcproj" Description="Web deployment to the local IIS server is no longer supported. The Web Deployment build tool has been removed from your project settings.">
</Event><Event ErrorLevel="1" Project="22-InjLib" Source="22-InjLib\22-InjLib.vcproj" Description="Attribute 'Detect64BitPortabilityProblems' of 'VCCLCompilerTool' is not supported in this version and has been removed during conversion.">
</Event><Event ErrorLevel="1" Project="22-InjLib" Source="22-InjLib\22-InjLib.vcproj" Description="Attribute 'Detect64BitPortabilityProblems' of 'VCCLCompilerTool' is not supported in this version and has been removed during conversion.">
</Event><Event ErrorLevel="1" Project="22-InjLib" Source="22-InjLib\22-InjLib.vcproj" Description="Attribute 'Detect64BitPortabilityProblems' of 'VCCLCompilerTool' is not supported in this version and has been removed during conversion.">
</Event><Event ErrorLevel="0" Project="22-InjLib" Source="22-InjLib\22-InjLib.vcproj" Description="Done converting to new project file 'H:\VS_WorkSpace\Windows核心编程源码\22-InjLib\22-InjLib.vcxproj'.">
</Event><Event ErrorLevel="3" Project="22-InjLib" Source="22-InjLib\22-InjLib.vcproj" Description="Converted">
</Event><Event ErrorLevel="0" Project="23-SEHTerm" Source="23-SEHTerm\23-SEHTerm.vcproj" Description="Converting project file 'H:\VS_WorkSpace\Windows核心编程源码\23-SEHTerm\23-SEHTerm.vcproj'.">
</Event><Event ErrorLevel="1" Project="23-SEHTerm" Source="23-SEHTerm\23-SEHTerm.vcproj" Description="This application has been updated to include settings related to the User Account Control (UAC) feature of Windows Vista. By default, when run on Windows Vista with UAC enabled, this application is marked to run with the same privileges as the process that launched it. This marking also disables the application from running with virtualization. You can change UAC related settings from the Property Pages of the project.">
</Event><Event ErrorLevel="1" Project="23-SEHTerm" Source="23-SEHTerm\23-SEHTerm.vcproj" Description="VCWebServiceProxyGeneratorTool is no longer supported. The tool has been removed from your project settings.">
</Event><Event ErrorLevel="1" Project="23-SEHTerm" Source="23-SEHTerm\23-SEHTerm.vcproj" Description="Attribute 'Detect64BitPortabilityProblems' of 'VCCLCompilerTool' is not supported in this version and has been removed during conversion.">
</Event><Event ErrorLevel="0" Project="23-SEHTerm" Source="23-SEHTerm\23-SEHTerm.vcproj" Description="Web deployment to the local IIS server is no longer supported. The Web Deployment build tool has been removed from your project settings.">
</Event><Event ErrorLevel="1" Project="23-SEHTerm" Source="23-SEHTerm\23-SEHTerm.vcproj" Description="Attribute 'Detect64BitPortabilityProblems' of 'VCCLCompilerTool' is not supported in this version and has been removed during conversion.">
</Event><Event ErrorLevel="1" Project="23-SEHTerm" Source="23-SEHTerm\23-SEHTerm.vcproj" Description="Attribute 'Detect64BitPortabilityProblems' of 'VCCLCompilerTool' is not supported in this version and has been removed during conversion.">
</Event><Event ErrorLevel="1" Project="23-SEHTerm" Source="23-SEHTerm\23-SEHTerm.vcproj" Description="Attribute 'Detect64BitPortabilityProblems' of 'VCCLCompilerTool' is not supported in this version and has been removed during conversion.">
</Event><Event ErrorLevel="0" Project="23-SEHTerm" Source="23-SEHTerm\23-SEHTerm.vcproj" Description="Done converting to new project file 'H:\VS_WorkSpace\Windows核心编程源码\23-SEHTerm\23-SEHTerm.vcxproj'.">
</Event><Event ErrorLevel="3" Project="23-SEHTerm" Source="23-SEHTerm\23-SEHTerm.vcproj" Description="Converted">
</Event><Event ErrorLevel="0" Project="25-Spreadsheet" Source="25-Spreadsheet\25-Spreadsheet.vcproj" Description="Converting project file 'H:\VS_WorkSpace\Windows核心编程源码\25-Spreadsheet\25-Spreadsheet.vcproj'.">
</Event><Event ErrorLevel="1" Project="25-Spreadsheet" Source="25-Spreadsheet\25-Spreadsheet.vcproj" Description="This application has been updated to include settings related to the User Account Control (UAC) feature of Windows Vista. By default, when run on Windows Vista with UAC enabled, this application is marked to run with the same privileges as the process that launched it. This marking also disables the application from running with virtualization. You can change UAC related settings from the Property Pages of the project.">
</Event><Event ErrorLevel="1" Project="25-Spreadsheet" Source="25-Spreadsheet\25-Spreadsheet.vcproj" Description="VCWebServiceProxyGeneratorTool is no longer supported. The tool has been removed from your project settings.">
</Event><Event ErrorLevel="1" Project="25-Spreadsheet" Source="25-Spreadsheet\25-Spreadsheet.vcproj" Description="Attribute 'Detect64BitPortabilityProblems' of 'VCCLCompilerTool' is not supported in this version and has been removed during conversion.">
</Event><Event ErrorLevel="0" Project="25-Spreadsheet" Source="25-Spreadsheet\25-Spreadsheet.vcproj" Description="Web deployment to the local IIS server is no longer supported. The Web Deployment build tool has been removed from your project settings.">
</Event><Event ErrorLevel="1" Project="25-Spreadsheet" Source="25-Spreadsheet\25-Spreadsheet.vcproj" Description="Attribute 'Detect64BitPortabilityProblems' of 'VCCLCompilerTool' is not supported in this version and has been removed during conversion.">
</Event><Event ErrorLevel="1" Project="25-Spreadsheet" Source="25-Spreadsheet\25-Spreadsheet.vcproj" Description="Attribute 'Detect64BitPortabilityProblems' of 'VCCLCompilerTool' is not supported in this version and has been removed during conversion.">
</Event><Event ErrorLevel="1" Project="25-Spreadsheet" Source="25-Spreadsheet\25-Spreadsheet.vcproj" Description="Attribute 'Detect64BitPortabilityProblems' of 'VCCLCompilerTool' is not supported in this version and has been removed during conversion.">
</Event><Event ErrorLevel="0" Project="25-Spreadsheet" Source="25-Spreadsheet\25-Spreadsheet.vcproj" Description="Done converting to new project file 'H:\VS_WorkSpace\Windows核心编程源码\25-Spreadsheet\25-Spreadsheet.vcxproj'.">
</Event><Event ErrorLevel="3" Project="25-Spreadsheet" Source="25-Spreadsheet\25-Spreadsheet.vcproj" Description="Converted">
</Event><Event ErrorLevel="0" Project="26-CustomizedWER" Source="26-CustomizedWER\26-CustomizedWER.vcproj" Description="Converting project file 'H:\VS_WorkSpace\Windows核心编程源码\26-CustomizedWER\26-CustomizedWER.vcproj'.">
</Event><Event ErrorLevel="1" Project="26-CustomizedWER" Source="26-CustomizedWER\26-CustomizedWER.vcproj" Description="This application has been updated to include settings related to the User Account Control (UAC) feature of Windows Vista. By default, when run on Windows Vista with UAC enabled, this application is marked to run with the same privileges as the process that launched it. This marking also disables the application from running with virtualization. You can change UAC related settings from the Property Pages of the project.">
</Event><Event ErrorLevel="1" Project="26-CustomizedWER" Source="26-CustomizedWER\26-CustomizedWER.vcproj" Description="VCWebServiceProxyGeneratorTool is no longer supported. The tool has been removed from your project settings.">
</Event><Event ErrorLevel="1" Project="26-CustomizedWER" Source="26-CustomizedWER\26-CustomizedWER.vcproj" Description="Attribute 'Detect64BitPortabilityProblems' of 'VCCLCompilerTool' is not supported in this version and has been removed during conversion.">
</Event><Event ErrorLevel="0" Project="26-CustomizedWER" Source="26-CustomizedWER\26-CustomizedWER.vcproj" Description="Web deployment to the local IIS server is no longer supported. The Web Deployment build tool has been removed from your project settings.">
</Event><Event ErrorLevel="1" Project="26-CustomizedWER" Source="26-CustomizedWER\26-CustomizedWER.vcproj" Description="Attribute 'Detect64BitPortabilityProblems' of 'VCCLCompilerTool' is not supported in this version and has been removed during conversion.">
</Event><Event ErrorLevel="1" Project="26-CustomizedWER" Source="26-CustomizedWER\26-CustomizedWER.vcproj" Description="Attribute 'Detect64BitPortabilityProblems' of 'VCCLCompilerTool' is not supported in this version and has been removed during conversion.">
</Event><Event ErrorLevel="1" Project="26-CustomizedWER" Source="26-CustomizedWER\26-CustomizedWER.vcproj" Description="Attribute 'Detect64BitPortabilityProblems' of 'VCCLCompilerTool' is not supported in this version and has been removed during conversion.">
</Event><Event ErrorLevel="0" Project="26-CustomizedWER" Source="26-CustomizedWER\26-CustomizedWER.vcproj" Description="Done converting to new project file 'H:\VS_WorkSpace\Windows核心编程源码\26-CustomizedWER\26-CustomizedWER.vcxproj'.">
</Event><Event ErrorLevel="3" Project="26-CustomizedWER" Source="26-CustomizedWER\26-CustomizedWER.vcproj" Description="Converted">
</Event><Event ErrorLevel="0" Project="" Source="Windows via C++.sln" Description="成功转换解决方案">
</Event><Event ErrorLevel="3" Project="" Source="Windows via C++.sln" Description="Converted">
</Event></UpgradeLog>